rs1000283	chr1	209721316
rs10041468	chr5	131151124
rs10044266	chr5	157848408
rs1005794	chr11	95080725
rs10059961	chr5	35321535
rs10097731	chr8	81115437
rs10116850	chr9	136876385
rs10120108	chr9	89598334
rs10123375	chr9	136852540
rs10124613	chr9	3475451
rs10127510	chr1	100248321
rs10143451	chr14	73465951
rs10159433	chr1	26291879
rs10170664	chr2	184796673
rs10174949	chr2	8302118
rs10179385	chr2	152432458
rs10190912	chr2	241103105
rs10203815	chr2	69397869
rs10205331	chr2	54572423
rs10207346	chr2	189713238
rs10217770	chr9	33146395
rs10246243	chr7	100236567
rs10252259	chr7	595201
rs10262443	chr7	38361673
rs1028396	chr20	1948790
rs1034332	chr21	33976984
rs10407763	chr19	13109268
rs10407976	chr19	13078549
rs10408887	chr19	17085566
rs10413169	chr19	56463684
rs10414353	chr19	55415103
rs10414394	chr19	48259751
rs10415428	chr19	34860672
rs1041981	chr6	31573007
rs10448310	chr9	90793892
rs10458626	chr1	155311898
rs1046458	chr12	31103971
rs10464892	chr8	81130756
rs10483877	chr14	76715959
rs10490684	chr2	181587010
rs1049281	chr6	31268790
rs10495545	chr2	6849889
rs10516074	chr5	170405913
rs1053552	chr12	31111836
rs10551401	chr10	97881661
rs10553596	chr10	113679881
rs10556441	chr1	169775994
rs10581469	chr19	40230016
rs1058315	chr2	231709234
rs1059307	chr6	85678170
rs1059490	chr6	26171022
rs10634233	chr14	59476235
rs10669996	chr3	196711108
rs10711754	chr1	23186171
rs10784	chr6	116462227
rs10784719	chr12	68470528
rs10787220	chr10	109920630
rs10797426	chr1	2452669
rs10797924	chr1	183968146
rs10813955	chr9	33141793
rs10814965	chr9	450268
rs10821060	chr9	93059203
rs10849856	chr12	121214670
rs10852711	chr17	68216222
rs10859822	chr12	95003130
rs10870140	chr9	136901967
rs10906857	chr10	15197499
rs10912992	chr1	171434228
rs1092553	chr3	194682762
rs10927755	chr1	15267701
rs10931430	chr2	189677460
rs10972200	chr9	3479416
rs10972845	chr9	36313396
rs10981666	chr9	113171999
rs10992585	chr9	93026728
rs11015435	chr10	18659143
rs11016105	chr10	128148721
rs11023338	chr11	14787494
rs11031037	chr11	30290417
rs11046088	chr12	21504045
rs1104853	chr7	148303562
rs11053491	chr12	9868915
rs11068865	chr12	118185444
rs11075954	chr16	72978265
rs11080327	chr17	35244527
rs1109792	chr12	113420505
rs11098646	chr4	121808146
rs11135464	chr5	96507135
rs11136336	chr8	143933019
rs111403049	chr8	56181198
rs11150804	chr17	81663208
rs111620717	chr17	43361330
rs111701078	chr1	15452719
rs111731338	chr11	60379591
rs11174397	chr12	62252135
rs111765227	chr12	113398936
rs111773296	chr9	112949369
rs11177397	chr12	68865710
rs111798838	chr9	126805861
rs111831204	chr12	9965663
rs111923178	chr14	66632503
rs111955632	chr16	75664413
rs11205603	chr1	39043257
rs112083057	chr10	132253559
rs112111051	chr2	96320054
rs11219180	chr11	123510897
rs112258224	chr13	43024430
rs1122688	chr10	116992739
rs11229803	chr11	59101525
rs112530478	chr15	74778255
rs11253565	chr10	1008067
rs112600497	chr1	32122551
rs11264463	chr1	156273015
rs112646079	chr1	201976026
rs112686091	chr3	52455030
rs112715219	chr10	58298812
rs11277320	chr22	46043732
rs11278248	chr16	23435656
rs112790215	chr20	64000217
rs112865480	chr12	113401112
rs112866898	chr19	12851244
rs11291652	chr11	60360530
rs112917959	chr12	113435746
rs1130033	chr6	166972135
rs1130455	chr6	32659628
rs1130456	chr6	32659602
rs1130592	chr6	31268913
rs113068473	chr17	6807727
rs1131017	chr12	56042145
rs1131972	chr11	129884749
rs11323205	chr5	79625834
rs113254107	chr3	133574470
rs113379022	chr19	10602746
rs113451191	chr9	124303558
rs113457364	chr3	186994623
rs11349123	chr17	44586730
rs11352667	chr21	36065531
rs11352670	chr3	56669050
rs113781346	chr6	129837087
rs113801783	chr19	54380944
rs113861118	chr10	13126429
rs11392081	chr1	111230252
rs11393830	chr3	184712183
rs113943564	chr1	69926699
rs113998575	chr17	58525028
rs114137486	chr17	35027676
rs1142890	chr1	89186404
rs114291431	chr21	31201811
rs11435945	chr4	88255885
rs11453075	chr8	119592615
rs114581727	chr5	157604421
rs114592220	chr3	179681867
rs114660499	chr21	26170138
rs114715674	chr8	11098840
rs11475258	chr20	64026799
rs1149229	chr13	28716501
rs115081082	chr19	35639185
rs115106272	chr14	21021370
rs115276016	chr8	19975515
rs11570570	chr17	47123146
rs115754476	chr12	120369791
rs115896828	chr2	234492577
rs11595690	chr10	1020322
rs116030668	chr12	92927410
rs116033750	chr12	113423655
rs1160505	chr1	110320417
rs11610549	chr12	6512475
rs11610712	chr12	6503717
rs11614502	chr12	4617324
rs116371699	chr14	24171950
rs11644592	chr16	75385849
rs11645448	chr16	50693164
rs11646247	chr16	87489233
rs11649638	chr16	75454387
rs11655934	chr17	73591438
rs11656631	chr17	32514944
rs116595963	chr5	75661350
rs11666306	chr19	17379204
rs1166708	chr1	77865541
rs11669173	chr19	44989301
rs11679767	chr2	189681574
rs11680831	chr2	71065392
rs11684563	chr2	168356905
rs116858786	chr8	1855446
rs11688520	chr2	227431428
rs116925484	chr7	64732148
rs116969595	chr3	119745870
rs11698616	chr20	38169809
rs117174779	chr11	33893827
rs11718788	chr3	67683711
rs117350354	chr3	131433574
rs117389914	chr4	25201851
rs11739246	chr5	32584034
rs117519172	chr19	36058658
rs11753600	chr6	2872525
rs117536099	chr1	24607267
rs11753719	chr6	106142187
rs11757823	chr6	36388545
rs11761618	chr7	44933619
rs117630904	chr1	154929201
rs11765305	chr7	143414019
rs11792737	chr9	131675773
rs11803889	chr1	171774435
rs11833542	chr12	10215666
rs11870617	chr17	82471768
rs11872189	chr18	9710833
rs11872195	chr18	9710890
rs1187878	chr14	55026632
rs11879306	chr19	42449677
rs11900466	chr2	96920199
rs1192778	chr2	101174066
rs11931711	chr4	152370361
rs11947454	chr4	83224384
rs11956243	chr5	42995334
rs11962420	chr6	158325461
rs11983782	chr7	22854176
rs1199102	chr10	58187542
rs11999609	chr9	136469087
rs12047934	chr1	89095018
rs1205343	chr20	34333796
rs12054982	chr5	33432131
rs12056000	chr7	100214385
rs12058546	chr1	168562527
rs12085675	chr1	2337141
rs12093578	chr1	100382266
rs12102142	chr15	30831706
rs12127219	chr1	6625791
rs12145207	chr1	156385742
rs12149160	chr16	11345446
rs12157810	chr22	38957167
rs12170546	chr22	44026453
rs12196167	chr6	139029062
rs12196247	chr6	139029045
rs12209346	chr6	36446220
rs12210453	chr6	129737300
rs12212773	chr6	154229984
rs12222672	chr11	102479480
rs12236328	chr9	117655370
rs12254586	chr10	58398686
rs12310510	chr12	49672461
rs12339429	chr9	35669333
rs12359362	chr10	88993388
rs12363776	chr11	129904305
rs12379	chr12	51049161
rs12413305	chr10	100981991
rs12430144	chr13	52433833
rs12442898	chr15	100552467
rs12442998	chr15	50129992
rs12444973	chr16	30095964
rs12459782	chr19	18385685
rs12463045	chr19	7295953
rs12472591	chr2	68367631
rs1249368	chr11	68878678
rs12503953	chr4	185384548
rs1253109	chr14	59486661
rs12569210	chr1	174611098
rs12570957	chr10	100221517
rs12594473	chr15	45750399
rs12595494	chr15	77980187
rs12603238	chr17	59053424
rs12607385	chr18	50251567
rs12609803	chr19	35741974
rs12620278	chr2	74052988
rs12620454	chr2	174198986
rs12663589	chr6	3068823
rs12666349	chr7	31688566
rs12678412	chr8	23234260
rs12679598	chr8	143549816
rs12681624	chr8	143524002
rs12716977	chr16	30471482
rs12731164	chr1	11743569
rs12760818	chr1	205124125
rs12773254	chr10	18602239
rs1278275	chr10	126062615
rs12822052	chr12	66298748
rs12832115	chr12	113404117
rs12859433	chr13	111014677
rs12870498	chr13	24274967
rs12878807	chr14	67497971
rs12913236	chr15	25871227
rs12916362	chr15	78041970
rs12923010	chr16	27247383
rs12942096	chr17	48651831
rs12944222	chr17	74715497
rs12977341	chr19	55398342
rs12977961	chr19	2326898
rs12979839	chr19	54607898
rs12990816	chr2	39141354
rs13006228	chr2	112049161
rs13015862	chr2	151338976
rs130364	chr22	42682201
rs13059986	chr3	45699284
rs13062601	chr3	3047535
rs13102061	chr4	185246084
rs13132235	chr4	102411333
rs13172408	chr5	119720355
rs13187475	chr5	50484513
rs13216709	chr6	25403099
rs13236973	chr7	598328
rs13245390	chr7	22882139
rs13267385	chr8	143448655
rs13278062	chr8	23225458
rs13339574	chr16	71617744
rs13342015	chr17	75071387
rs13343706	chr19	55399776
rs13345672	chr19	49976630
rs13358836	chr5	65731747
rs13402	chr12	6753008
rs13407552	chr2	43713290
rs1341031	chr6	118845031
rs13420463	chr2	37290423
rs13429377	chr2	48414446
rs13438125	chr7	121392799
rs1347662	chr18	54377025
rs1375493	chr2	181459039
rs137929817	chr6	29964915
rs137965959	chr6	37520395
rs138659498	chr1	223740479
rs138821171	chr6	167009846
rs138911	chr22	43157411
rs139223137	chr10	95899355
rs139294014	chr7	108576740
rs139431	chr22	41208349
rs139459	chr22	41214995
rs140042715	chr1	28155313
rs140157782	chr6	31532211
rs140684571	chr16	10881298
rs140908844	chr14	31178681
rs14136	chr22	50610293
rs141474646	chr19	14347432
rs1415217	chr1	197182116
rs141654038	chr4	155676154
rs141703694	chr14	64934066
rs141853738	chr19	49962044
rs142097889	chr10	124857056
rs142165173	chr18	35075914
rs1421673	chr19	48254351
rs1427444	chr2	218690569
rs142907864	chr1	109053437
rs1429938	chr8	27379689
rs143152476	chr19	2733890
rs143396147	chr10	68335434
rs143429337	chr17	80404618
rs143487325	chr14	100352002
rs143573603	chr13	46747832
rs143585059	chr3	101751714
rs143616926	chr3	45099400
rs143680654	chr15	45653387
rs143866345	chr8	127139887
rs144034743	chr16	99635
rs1440582	chr4	88286974
rs144477635	chr3	101676175
rs145059399	chr15	39492254
rs145138308	chr6	158159870
rs145463576	chr10	70183594
rs145740556	chr17	4696007
rs145953203	chr8	41482664
rs146034422	chr12	27267639
rs146074039	chr1	156336310
rs146095550	chr14	102407924
rs146190870	chr5	112914211
rs146257984	chr7	100229042
rs146274534	chr10	117194619
rs146289517	chr5	1799784
rs146528353	chr22	20031185
rs146826482	chr21	43718988
rs147145585	chr8	142976785
rs147246472	chr15	43763781
rs147460349	chr6	167020908
rs147593128	chr9	125214758
rs147857843	chr12	1651493
rs148223575	chr6	31849475
rs148284923	chr5	112230680
rs148450674	chr1	7913283
rs148759925	chr11	35176442
rs149985199	chr1	32674079
rs150143781	chr1	192622018
rs150290252	chr22	41594123
rs150501289	chr8	42996214
rs150779368	chr22	31024863
rs150833525	chr6	7475071
rs1509113	chr17	10695292
rs151223618	chr1	150759037
rs151322547	chr7	151333789
rs151337817	chr10	49193939
rs1521352	chr3	71720286
rs1544652	chr2	70827968
rs1570712	chr14	103317510
rs157135	chr1	16472407
rs1573611	chr19	35352805
rs1573726	chr22	49639224
rs1580833	chr16	56610738
rs15842	chr1	1013541
rs1609990	chr2	241820738
rs1615681	chr10	58173617
rs1679169	chr3	138476687
rs16828981	chr1	183639523
rs16829088	chr2	187527181
rs16837205	chr2	201356042
rs1684034	chr15	64892667
rs1684051	chr15	64906110
rs16872750	chr6	44858830
rs16942797	chr12	113422270
rs16947	chr22	42127941
rs1695855	chr1	1423062
rs16965650	chr15	44666934
rs16967494	chr16	15727006
rs16984035	chr19	53333554
rs1698407	chr10	58173970
rs16989474	chr20	44894084
rs17032	chr22	38734838
rs17046778	chr2	55232237
rs17060738	chr9	75007103
rs17066908	chr6	106373318
rs17079720	chr18	68800426
rs17088620	chr8	22785543
rs17101779	chr11	103958122
rs1712349	chr14	34930869
rs17144885	chr5	119032951
rs17164867	chr7	130368444
rs17184382	chr15	63500287
rs17302143	chr7	116040069
rs1733448	chr11	129878842
rs17427445	chr6	32695987
rs174555	chr11	61812288
rs17513937	chr12	10421402
rs17550808	chr5	96935736
rs17551891	chr15	40039346
rs1765058	chr6	100936089
rs1769016	chr10	58170232
rs17821294	chr17	1556289
rs1800631	chr9	136899393
rs1804500	chr16	84178965
rs1811443	chr4	89826732
rs181748969	chr12	22432903
rs1827929	chr17	55680026
rs183266	chr14	77031632
rs183850994	chr1	151273123
rs185079	chr5	151244809
rs1857931	chr1	84466292
rs1860108	chr14	74478562
rs186459	chr5	146868397
rs1865840	chr17	41790757
rs1879586	chr17	45489971
rs1881724	chr7	148304169
rs1885114	chr20	34989558
rs1886795	chr13	48247352
rs189303080	chr8	2130217
rs1900126	chr14	76191413
rs190157622	chr4	84943436
rs190707303	chr14	105478928
rs1915942	chr3	150599314
rs1923187	chr6	24721439
rs192456280	chr11	66572174
rs192517894	chr16	85735334
rs1966942	chr4	42664307
rs1977069	chr22	38959410
rs1981669	chr12	6489732
rs1985501	chr19	54631288
rs1987164	chr17	48491690
rs199513820	chr15	44700012
rs199520983	chr6	12871885
rs199903624	chr3	122870992
rs199949657	chr2	241822609
rs2001216	chr15	90954900
rs2003702	chr20	372735
rs200487332	chr16	3473746
rs200494270	chr18	12805642
rs2005455	chr12	120690896
rs2006293	chr12	68474814
rs200949	chr6	27867657
rs200959706	chr7	2168287
rs201066796	chr12	118227265
rs201246612	chr10	27109526
rs201267094	chr12	54955468
rs2015901	chr20	38827352
rs2025577	chr1	156344313
rs2029945	chr5	163535666
rs2038503	chr20	35088097
rs2041085	chr2	241116852
rs2041262	chr19	45140632
rs2041386	chr12	6453372
rs2057657	chr5	132473624
rs2059716	chr2	230013043
rs2063165	chr4	121828850
rs2065723	chr10	30431533
rs2067402	chr2	190360026
rs2070435	chr21	46541798
rs2070610	chr21	29073627
rs2074143	chr17	43779254
rs2074417	chr11	60930171
rs2074942	chr19	56549237
rs2075078	chr7	150692768
rs210213	chr6	33604382
rs2119070	chr2	189508193
rs2123715	chr2	224089484
rs2176096	chr12	108313982
rs2180883	chr4	73863296
rs2182836	chr14	59492132
rs2185808	chr10	27149784
rs2209073	chr17	2302370
rs2209156	chr6	99516090
rs2231884	chr11	65889093
rs2232812	chr1	171781417
rs223376	chr4	102836166
rs2235	chr3	67679110
rs2246832	chr3	49843701
rs2247597	chr10	7452787
rs2258404	chr2	108522221
rs2269485	chr4	2827350
rs2269822	chr5	132423020
rs2270103	chr7	22823103
rs2270756	chr5	52788177
rs2274602	chr9	87698465
rs2281777	chr13	43023796
rs2285826	chr16	2897013
rs2287154	chr12	12071609
rs2289149	chr16	66408503
rs2292971	chr17	82905981
rs2294757	chr6	132713959
rs2296077	chr9	121182665
rs2302307	chr19	3761654
rs2305294	chr12	79935067
rs2310872	chr2	241111494
rs2314339	chr17	40096959
rs232556	chr2	38099450
rs2330597	chr21	46622957
rs2336757	chr12	3905192
rs234054	chr3	172593651
rs2347585	chr3	10064163
rs2351245	chr5	96660029
rs2363755	chr16	380292
rs2367486	chr7	142784320
rs2371462	chr14	80954430
rs2373341	chr7	148306018
rs237802	chr1	229326054
rs238709	chr20	3501244
rs239960	chr7	75936422
rs2400539	chr8	81847479
rs2405	chr19	39863427
rs2409535	chr21	34850263
rs2427588	chr20	64010222
rs2430286	chr7	76452042
rs2439803	chr11	129214072
rs2449334	chr8	22548459
rs2455797	chr3	15657840
rs2487718	chr9	104772625
rs2488259	chr1	207782712
rs2517673	chr6	29969465
rs2518908	chr11	64716157
rs2520151	chr17	10702058
rs2520167	chr17	10698636
rs2522431	chr4	107714506
rs2523599	chr6	31273315
rs2572898	chr8	142700856
rs2581790	chr3	53067764
rs2583283	chr12	103919865
rs2586179	chr15	79895664
rs2590331	chr10	58248600
rs2591966	chr5	56937861
rs2599079	chr16	85802477
rs2602450	chr16	80993512
rs260498	chr19	58280824
rs2617157	chr12	10384299
rs261742	chr5	39251778
rs2620942	chr10	1002458
rs2622340	chr13	98334059
rs2637993	chr2	113095867
rs2641984	chr9	555653
rs2662937	chr17	10697654
rs2666826	chr1	155688294
rs2677895	chr18	2571847
rs2679872	chr2	105179254
rs268225	chr2	175179732
rs2682574	chr19	43430230
rs2705889	chr4	184685241
rs2718758	chr2	108443591
rs2728112	chr4	88020943
rs2731710	chr5	172361721
rs2736944	chr7	38352734
rs2741134	chr8	6878588
rs2741159	chr12	52677598
rs2746429	chr6	135352146
rs274711	chr5	6725059
rs2761063	chr9	98119243
rs2761567	chr1	183612687
rs2763011	chr6	152181372
rs2788371	chr1	43878290
rs2796749	chr6	110873500
rs2797800	chr6	37518762
rs281863618	chr6	32663007
rs281874806	chr6	32663672
rs2822734	chr21	14525831
rs2822752	chr21	14529965
rs282542	chr3	56601285
rs2834312	chr21	33977070
rs2835275	chr21	36087703
rs28384430	chr9	104746907
rs2839195	chr21	46279942
rs2840307	chr1	108200330
rs28410641	chr3	71771488
rs28413174	chr19	17405811
rs28425645	chr16	53091008
rs2844721	chr6	30503370
rs28460483	chr4	47913420
rs28461301	chr10	132398805
rs28521104	chr17	81600244
rs28530749	chr4	164006384
rs2853238	chr8	102276115
rs28556293	chr15	89062078
rs2859661	chr12	10429051
rs2866747	chr20	41623273
rs2867698	chr4	80080786
rs28680503	chr8	19696737
rs2871579	chr2	241114714
rs28718032	chr1	11986823
rs28885082	chr3	119248261
rs2899284	chr22	37223710
rs2904758	chr6	29955574
rs2905771	chr6	29934121
rs2921728	chr8	116924739
rs2927609	chr5	96916375
rs295139	chr2	200295265
rs2976952	chr8	8335009
rs2979343	chr3	125616464
rs2985696	chr14	49628195
rs3004217	chr10	35188004
rs3007678	chr1	152040041
rs3021175	chr6	32683627
rs303208	chr10	89406076
rs3038352	chr4	4351494
rs304410	chr10	89427085
rs3087680	chr19	1038290
rs3093570	chr1	25339752
rs3093631	chr1	25356255
rs3093671	chr6	31579203
rs309926	chr5	42971598
rs3101239	chr4	42704463
rs3108297	chr4	185202643
rs3108583	chr19	36731372
rs3111494	chr5	172112654
rs3121567	chr1	1008088
rs3128506	chr9	87719615
rs3132803	chr8	106650952
rs3176860	chr1	100721663
rs318429	chr6	2876301
rs325410	chr15	99706513
rs333923	chr17	69392953
rs33928328	chr8	33487684
rs33931897	chr15	77064970
rs340084	chr5	78699548
rs34011550	chr10	95640230
rs34055374	chr9	105717660
rs34057808	chr2	99118450
rs34163237	chr21	36114244
rs34255908	chr20	61866436
rs34297218	chr4	83220232
rs34327039	chr17	74645986
rs34351157	chr8	109340105
rs34361821	chr7	66720508
rs34388370	chr13	30369906
rs34388623	chr2	47546501
rs34402804	chr19	984231
rs34428542	chr1	154281901
rs344537	chr19	6688190
rs34454532	chr2	159238267
rs34481144	chr11	320836
rs34539538	chr16	68160960
rs34545623	chr14	102068755
rs34568696	chr2	20336197
rs345780	chr15	33104459
rs345781	chr15	33103716
rs34596050	chr12	128847259
rs34605008	chr6	32698358
rs34623109	chr11	118248651
rs34642385	chr17	19665376
rs34674487	chr5	50662529
rs34676212	chr18	74502771
rs34762884	chr16	85660865
rs34851635	chr4	17646289
rs34956804	chr11	837084
rs34972442	chr17	43567386
rs34980063	chr2	112349230
rs35007555	chr1	39030407
rs35061775	chr2	71136569
rs35088455	chr17	76710351
rs35149098	chr19	51615902
rs35153429	chr4	17580020
rs35179634	chr14	64950352
rs35180158	chr7	106978043
rs35184850	chr18	5213738
rs35188965	chr5	1104823
rs3523	chr10	117273945
rs35246723	chr1	183728564
rs35313039	chr1	200789796
rs35314429	chr1	10400659
rs35330541	chr3	56651700
rs35336289	chr12	103853320
rs35371748	chr19	57314610
rs35425747	chr17	59650483
rs35433179	chr21	36167162
rs35560631	chr20	35286981
rs35593953	chr11	68814210
rs35597961	chr10	60717277
rs35654352	chr5	151268681
rs35660110	chr6	17942335
rs35664546	chr17	37464838
rs35667872	chr1	183589288
rs35673587	chr19	18380117
rs35729071	chr19	35713525
rs35770803	chr1	155992276
rs35784302	chr11	88362283
rs35794526	chr1	6542465
rs35825045	chr11	600493
rs35835211	chr7	35691391
rs35863918	chr19	42104723
rs35952843	chr3	72466360
rs35992269	chr4	67560230
rs36071690	chr12	103927966
rs36081508	chr15	40110818
rs36111403	chr4	128740365
rs36116457	chr3	112053148
rs367657442	chr20	1469917
rs367907542	chr6	129656642
rs369987	chr19	54244536
rs370035749	chr17	34295935
rs370042063	chr2	151249551
rs370140677	chr9	92776891
rs370251581	chr10	125907995
rs370802054	chr8	23651465
rs370876914	chr6	166982385
rs372394910	chr10	124905791
rs372700860	chr1	161670997
rs3730922	chr19	48145128
rs3734076	chr11	129905704
rs3734479	chr6	3026992
rs3736166	chr17	36544987
rs3738115	chr1	180196564
rs3743517	chr16	15866121
rs374482481	chr17	78256917
rs3746005	chr19	40214172
rs3746224	chr19	57438168
rs374819369	chr6	32641919
rs3751327	chr12	57941491
rs3754450	chr1	109654510
rs3756705	chr5	95824118
rs3759870	chr15	72727627
rs3759871	chr15	44651559
rs3762262	chr1	153536399
rs3766374	chr1	160750764
rs377062326	chr19	14753788
rs377175442	chr17	18286210
rs3772147	chr3	39406572
rs3775501	chr4	99825181
rs3779092	chr7	5672969
rs3779823	chr8	2137125
rs3786709	chr19	47267250
rs3791800	chr2	190284343
rs3793735	chr10	1240765
rs3794839	chr18	77006398
rs3795269	chr1	2406687
rs3796278	chr3	101779233
rs3798307	chr6	166950460
rs3803188	chr13	48233996
rs3809540	chr15	55197214
rs3820124	chr1	232948998
rs3826151	chr16	84174729
rs3827763	chr2	113073712
rs3827807	chr8	8821875
rs3828485	chr4	121801213
rs3828906	chr6	31497141
rs3840567	chr7	150566465
rs3841266	chr1	1013466
rs3850671	chr10	103899629
rs386109	chr13	110648994
rs3888462	chr22	28328801
rs3924987	chr4	121768629
rs393329	chr16	11976565
rs4027719	chr11	108195635
rs40446	chr16	75462760
rs406161	chr16	1020147
rs4074995	chr5	177370342
rs4076550	chr12	104887876
rs4101562	chr2	97627499
rs412303	chr6	2854133
rs41269974	chr6	32652425
rs41296726	chr1	212871540
rs41299222	chr10	27100466
rs4141491	chr16	46709763
rs41439047	chr1	183597778
rs4147596	chr1	165632128
rs4148876	chr6	32829016
rs4150712	chr13	113603304
rs415530	chr19	46854618
rs422311	chr16	57911364
rs4238842	chr16	2660847
rs4239475	chr19	56414991
rs4246443	chr17	82020718
rs429328	chr1	235517074
rs4311997	chr10	122419783
rs432206	chr5	65562860
rs4342524	chr7	102441839
rs4350216	chr1	100265300
rs4383487	chr3	42480257
rs4401834	chr8	143012599
rs4427400	chr1	113151606
rs4427633	chr12	68992402
rs443099	chr21	41371400
rs443563	chr9	15571632
rs445379	chr19	40073383
rs4459686	chr2	237677999
rs4463350	chr7	77221947
rs4494538	chr16	50339361
rs450067	chr5	157228005
rs450080	chr4	2813089
rs4504381	chr5	132450078
rs4532579	chr8	66466338
rs453978	chr17	10720264
rs455488	chr21	14590424
rs4567793	chr17	399065
rs458431	chr13	22318025
rs4590196	chr5	96661581
rs4592561	chr14	34513567
rs4616770	chr4	129151497
rs462687	chr21	41425130
rs4655226	chr1	20601791
rs4658630	chr1	244353501
rs4663802	chr2	237900595
rs4664285	chr2	151211667
rs4664356	chr2	151339420
rs4664813	chr2	156371938
rs4683022	chr3	45006980
rs4698637	chr4	17631220
rs4705746	chr5	113009268
rs4713598	chr6	32839009
rs4729577	chr7	100104017
rs4748934	chr10	7462546
rs4749235	chr10	27192738
rs4760490	chr12	92726953
rs4761725	chr12	93475663
rs4766492	chr12	110491456
rs4776611	chr15	72711847
rs4776616	chr15	72800424
rs478290	chr11	129842280
rs4785381	chr16	50099878
rs4786385	chr16	3088485
rs4788417	chr16	30440593
rs4798654	chr18	8560822
rs4806787	chr19	54601024
rs4808297	chr19	21752898
rs4812843	chr20	44665619
rs4813095	chr20	1355469
rs4815561	chr20	3055387
rs4821610	chr22	37222096
rs4821764	chr22	38203357
rs4836677	chr9	129915183
rs4836992	chr9	124796011
rs4846212	chr1	10310254
rs4846897	chr1	230107359
rs4859574	chr4	75958823
rs4863667	chr4	139653652
rs4880751	chr10	1009926
rs4886999	chr15	78062588
rs4900574	chr14	103412687
rs4903231	chr14	74495530
rs4907126	chr1	85057770
rs4913382	chr12	67954810
rs4915486	chr1	201141835
rs4917714	chr10	95832529
rs4919506	chr10	100893217
rs4919957	chr21	41950182
rs4930698	chr11	64317591
rs4932162	chr15	90108077
rs4948264	chr10	60740484
rs4956125	chr4	107687987
rs497149	chr11	68859171
rs4978978	chr9	111040153
rs4984909	chr16	663836
rs4987396	chr1	169701727
rs4988342	chr17	61861375
rs499713	chr11	117191245
rs5003154	chr8	81074718
rs5015756	chr7	100415834
rs5022485	chr3	16307791
rs5025068	chr15	50138447
rs504781	chr15	50356142
rs522807	chr1	12164182
rs527307108	chr6	31357458
rs527938621	chr6	30789988
rs528639684	chr5	138271650
rs528946452	chr6	28757222
rs529270260	chr16	29755693
rs531751612	chr1	174748706
rs532585874	chr3	101564256
rs533126602	chr2	190885197
rs533561988	chr5	131132539
rs534191	chr11	102800966
rs538187400	chr5	1829507
rs538445921	chr17	30818822
rs539391107	chr16	23596829
rs539956850	chr12	57955280
rs542441443	chr1	241587751
rs543084934	chr8	23240293
rs543571127	chr19	7226728
rs544739022	chr1	78019850
rs545545449	chr13	39657530
rs546842842	chr17	37627611
rs549538967	chr4	4350882
rs551643807	chr2	65058497
rs552478321	chr1	67433700
rs554946940	chr19	35188303
rs556415056	chr17	16688462
rs556465184	chr8	23127655
rs55670747	chr7	135093036
rs556964	chr13	113195837
rs55697116	chr9	128727341
rs557297301	chr6	31494966
rs55752233	chr3	150379266
rs55770563	chr3	196632480
rs55805369	chr14	34810304
rs55851538	chr3	69054526
rs55877269	chr11	95075312
rs559224804	chr1	93965847
rs55976226	chr21	46179099
rs560060817	chr6	33013200
rs56049450	chr5	62290607
rs56074300	chr15	38221661
rs561023284	chr9	137378938
rs56120415	chr3	129531950
rs56193409	chr15	101131835
rs56193569	chr19	3062988
rs56236555	chr7	72797870
rs56286059	chr15	85379430
rs562976399	chr1	184430113
rs563133208	chr10	95731781
rs56383080	chr8	124260097
rs564176119	chr14	50267145
rs565833805	chr6	152935432
rs56718386	chr19	7296272
rs568952339	chr14	103473007
rs56955205	chr7	64681987
rs569809651	chr1	200770421
rs570246170	chr9	78048584
rs57040525	chr10	49114730
rs570955688	chr1	12474491
rs57175638	chr15	90094905
rs57203936	chr1	244324441
rs572373	chr11	3034131
rs572840971	chr2	241024817
rs57315755	chr1	11731850
rs573616381	chr20	34948782
rs57415472	chr19	17249973
rs57423929	chr14	34929626
rs575162348	chr3	195439061
rs5753582	chr22	31375196
rs5756737	chr22	37574291
rs57604811	chr17	41868615
rs5761552	chr22	26474536
rs576351079	chr1	183614173
rs57648519	chr3	49775736
rs57668900	chr3	28187714
rs5770585	chr22	49614226
rs577199	chr20	856433
rs577338421	chr8	67291419
rs5779194	chr1	183965790
rs578025339	chr20	63942323
rs5780704	chr1	212890460
rs578127945	chr2	264604
rs58067330	chr2	24870321
rs5813920	chr15	78489222
rs58326998	chr17	17168548
rs58419583	chr12	11619495
rs58510348	chr6	34217716
rs58550845	chr22	49921859
rs585564	chr1	241602978
rs58610841	chr22	50206892
rs58622306	chr19	35912160
rs58638768	chr6	30745653
rs587613531	chr1	150284003
rs587681707	chr1	151292028
rs587780	chr1	84953273
rs58876889	chr13	27403321
rs58964929	chr2	237965031
rs589724	chr11	75488136
rs58973723	chr7	65471050
rs59023875	chr16	50341435
rs59150995	chr5	180060648
rs59251177	chr7	100358408
rs59287916	chr3	143919495
rs595412	chr11	119145222
rs59700742	chr17	42753896
rs59889145	chr15	50291322
rs5995250	chr22	36204690
rs5995543	chr22	38183019
rs5996111	chr22	42097898
rs59967718	chr1	109970280
rs6002592	chr22	42080750
rs60133523	chr21	43691943
rs60138720	chr5	151341196
rs602001	chr16	89594103
rs60202083	chr19	47268927
rs60221235	chr14	77550879
rs60256927	chr1	6554687
rs60263828	chr2	135263976
rs60320384	chr1	833843
rs60338469	chr12	16439237
rs6038211	chr20	5583176
rs60423261	chr17	14351680
rs60431238	chr2	200008816
rs60437629	chr1	161390216
rs60505018	chr5	115941380
rs6053508	chr20	5574504
rs60613561	chr14	22931382
rs60646575	chr19	41574661
rs60652667	chr19	17946128
rs60656861	chr10	58319756
rs60686620	chr15	72806298
rs60782711	chr1	150848455
rs60810355	chr15	64834846
rs60823264	chr5	96992035
rs60833263	chr5	1100716
rs60900866	chr6	26455197
rs61059389	chr2	47462061
rs61077232	chr16	51475906
rs6115898	chr20	415178
rs61366424	chr10	58245090
rs6137835	chr20	23124644
rs6145513	chr15	31344426
rs61588957	chr4	81874819
rs61629683	chr19	51764583
rs61814891	chr1	152023079
rs61865080	chr10	84592469
rs61900905	chr11	118314777
rs61913691	chr11	129885892
rs61941450	chr12	113196025
rs61968670	chr13	60487252
rs62011744	chr15	82982001
rs62013265	chr15	49074349
rs62049864	chr16	84174889
rs62062463	chr17	32521573
rs62087200	chr17	74463637
rs62097746	chr18	79727508
rs62100534	chr18	35538672
rs62108133	chr2	6900398
rs62108291	chr19	37659457
rs62115012	chr19	51628762
rs62167694	chr2	55793294
rs62263730	chr3	112859161
rs62271965	chr3	122360277
rs62272179	chr3	160314453
rs62324386	chr4	138216115
rs62368876	chr5	65727015
rs62395249	chr5	179554365
rs62420684	chr6	136837813
rs624233	chr11	60198926
rs62442008	chr7	5135415
rs62442790	chr6	149502763
rs631299	chr6	10528201
rs636049	chr11	68899730
rs637163	chr1	22988638
rs641937	chr11	95099858
rs6427658	chr1	154428323
rs6446630	chr4	4347752
rs6451231	chr5	35878825
rs6458328	chr6	43224531
rs6458826	chr6	52275888
rs6479452	chr9	93094404
rs6501242	chr17	68217831
rs6501705	chr17	74282731
rs6503765	chr17	56803211
rs6504340	chr17	48539657
rs651601	chr19	39436185
rs6531669	chr4	38833330
rs6533196	chr4	105466174
rs6537639	chr22	50195257
rs6542806	chr2	98511163
rs6560274	chr9	72442540
rs6564	chr1	27886464
rs6565177	chr16	30334927
rs6567330	chr18	63214842
rs6573380	chr14	61344262
rs657608	chr11	107839609
rs66765649	chr10	27151880
rs667662	chr6	53574442
rs66843308	chr9	89469170
rs6688233	chr1	9275686
rs6691796	chr1	39034051
rs669889	chr3	55466974
rs6699749	chr1	20808690
rs6700298	chr1	162541739
rs670456	chr11	107821179
rs67079557	chr15	75637959
rs6708774	chr2	237977086
rs67241714	chr12	31074241
rs6727821	chr2	241118523
rs67297326	chr4	75939782
rs6735813	chr2	54595781
rs67362530	chr10	5001312
rs67380914	chr6	7443348
rs6741646	chr2	27125330
rs67536209	chr17	35468038
rs6759004	chr2	201139953
rs67631316	chr1	167689078
rs67822311	chr16	29082618
rs6783264	chr3	16870203
rs6789215	chr3	172857079
rs67999415	chr20	35059896
rs68037221	chr6	31269672
rs6809261	chr3	50492185
rs6811177	chr4	47889936
rs6815790	chr4	121774230
rs6816696	chr4	17572574
rs6831024	chr4	25861753
rs6832151	chr4	40301616
rs6841815	chr4	76159678
rs6844543	chr4	48143104
rs6846936	chr4	119216809
rs6851623	chr4	4348013
rs685501	chr8	102101473
rs6855269	chr4	121776263
rs6855562	chr4	112309384
rs6859912	chr5	80216034
rs686030	chr9	15304784
rs6861524	chr5	95516476
rs6863319	chr5	113065151
rs6864403	chr5	112907182
rs6867367	chr5	131232100
rs6879140	chr5	52814215
rs6905318	chr6	36389395
rs6928482	chr6	32658472
rs6936952	chr6	27773358
rs6937280	chr6	37704146
rs6941158	chr6	125897454
rs6946205	chr7	6241456
rs6947022	chr7	140201694
rs6949102	chr7	115886235
rs6961237	chr7	24475110
rs6972418	chr7	12558281
rs6981300	chr8	33468255
rs6983754	chr8	81883645
rs6994017	chr8	41545433
rs6995187	chr8	140442569
rs700415	chr7	135160561
rs7022262	chr9	98115197
rs702692	chr5	57176479
rs703691	chr12	108522900
rs7070117	chr10	27161893
rs707012	chr3	66348035
rs7079282	chr10	27194440
rs7079498	chr10	35086416
rs708692	chr17	38734696
rs7087209	chr10	84140023
rs7104558	chr11	2965546
rs7111589	chr11	113884044
rs71129343	chr15	38392723
rs7115703	chr11	306920
rs7116540	chr11	3798037
rs7131182	chr11	78136925
rs71383083	chr17	76710264
rs71386923	chr10	27193272
rs71425879	chr15	59668757
rs71442046	chr12	106946311
rs7144866	chr14	100348809
rs7145565	chr14	105011276
rs7151932	chr14	92124220
rs71571468	chr6	166955269
rs7161172	chr14	20491851
rs7161799	chr15	58478324
rs71640116	chr1	184842701
rs71648193	chr4	15070220
rs716886	chr15	83047101
rs7181669	chr15	55214347
rs71884247	chr15	29022476
rs7194865	chr16	31801834
rs7197160	chr16	57283108
rs7215678	chr17	18236479
rs7216747	chr17	64058916
rs7217549	chr17	3672166
rs7219842	chr17	82593079
rs7226159	chr17	79038742
rs7226559	chr18	2641049
rs7236539	chr18	12835062
rs72383545	chr14	100345677
rs7246211	chr19	7459245
rs7250024	chr19	57446464
rs72500813	chr6	26396453
rs7251733	chr19	55588585
rs7254371	chr19	47254888
rs72647242	chr5	71554055
rs72711936	chr14	100091605
rs72713000	chr1	180293885
rs72715014	chr15	45654039
rs72715082	chr15	45658325
rs7277179	chr21	29386440
rs72786157	chr5	119334085
rs7279415	chr21	36204586
rs7282405	chr21	43703730
rs72830967	chr2	68832540
rs72833428	chr2	112328208
rs72834694	chr6	26144930
rs72848707	chr6	31425214
rs72871583	chr4	87994879
rs72898062	chr1	51710400
rs7291467	chr22	37576621
rs72921265	chr17	78419134
rs72947666	chr4	139033670
rs72951506	chr6	117690560
rs72973604	chr19	1798310
rs73082337	chr3	48972137
rs73094683	chr4	25160758
rs73149280	chr2	6778486
rs73198756	chr21	34147876
rs73209563	chr12	92931810
rs73214051	chr4	7934027
rs73223431	chr8	27362470
rs73298827	chr17	1561700
rs73325050	chr17	56832711
rs73343848	chr10	110924110
rs73347871	chr6	2976218
rs73349591	chr14	100161368
rs73373373	chr6	7542670
rs73389068	chr6	27757707
rs73404987	chr15	41357682
rs73420510	chr15	58407889
rs73518414	chr19	2278756
rs73548799	chr9	132351249
rs73550425	chr9	113839361
rs7355169	chr1	184953929
rs73552782	chr13	95750384
rs73566291	chr6	137930066
rs73598035	chr10	27157411
rs73604374	chr19	51124195
rs73604747	chr19	54375155
rs73739685	chr6	27721851
rs7380858	chr5	50537022
rs73868247	chr3	143117681
rs73970407	chr2	151179578
rs73999344	chr17	82029085
rs74062509	chr1	26552934
rs74064848	chr1	28458607
rs74095484	chr1	84611698
rs74116976	chr1	157106335
rs74138510	chr1	204644608
rs74154776	chr10	104272247
rs74175903	chr20	36914357
rs74240057	chr12	120399612
rs74277962	chr22	29449906
rs7444554	chr5	100733440
rs74494088	chr5	139166481
rs7461440	chr8	143883867
rs74622350	chr19	33298529
rs74622692	chr21	42528100
rs74720508	chr17	49153463
rs74724211	chr19	44209431
rs74726243	chr7	143519991
rs74741742	chr1	28165986
rs74753856	chr1	67441369
rs74783972	chr12	47764171
rs74858193	chr17	35550677
rs7488680	chr12	104303324
rs74887194	chr18	13240907
rs7488999	chr12	132765171
rs74900490	chr1	220869475
rs74945539	chr2	99146080
rs74982581	chr9	121116519
rs7501986	chr17	8241236
rs7502594	chr17	410391
rs75096174	chr6	33259009
rs7515374	chr1	206734678
rs7524203	chr1	212838470
rs75247833	chr4	122683328
rs75251423	chr4	6735619
rs75253306	chr9	137580936
rs75256268	chr16	4830907
rs75278656	chr7	91208540
rs75279835	chr1	28527266
rs75348964	chr1	80618483
rs7536568	chr1	1236303
rs7541837	chr1	225703244
rs7545125	chr1	207251382
rs7546623	chr1	157791629
rs7548469	chr1	28262724
rs7549338	chr1	154431904
rs75495750	chr12	131900381
rs75504874	chr7	152372953
rs75546717	chr8	126504433
rs75660181	chr3	9790591
rs75672233	chr20	61772008
rs7570219	chr2	42102189
rs7572982	chr2	10796443
rs7576208	chr2	71048468
rs75763737	chr16	31743333
rs757716	chr7	101144121
rs7577893	chr2	113763446
rs75799132	chr19	547871
rs7579933	chr2	69572839
rs75884007	chr3	130955633
rs7589507	chr2	227464625
rs75899878	chr6	139055691
rs7590080	chr2	241266051
rs76064480	chr14	88015168
rs7616240	chr3	196706752
rs7618175	chr3	4424053
rs761878	chr22	49856029
rs76319335	chr2	234398993
rs76343201	chr9	35030883
rs7634474	chr3	71780316
rs7635670	chr3	170060837
rs76360425	chr2	237974474
rs76517428	chr9	83474766
rs76578523	chr3	113763861
rs76656151	chr4	152647192
rs76710067	chr7	943955
rs7672306	chr4	145490377
rs76754242	chr12	10346987
rs76853696	chr17	45321228
rs7686084	chr4	121843570
rs7689	chr20	49245913
rs76896003	chr2	178626490
rs76959136	chr10	71769570
rs76997974	chr2	120264786
rs77067921	chr6	79645613
rs77075926	chr19	23661353
rs7710267	chr5	80216798
rs77157663	chr1	225924245
rs7724082	chr5	119331756
rs77245244	chr7	38141538
rs77290929	chr16	23516805
rs77367276	chr10	122998113
rs77460708	chr4	147667442
rs7750586	chr6	135506535
rs775208	chr16	70282008
rs77586561	chr1	174346350
rs77590520	chr9	83507903
rs77598229	chr1	41418628
rs77629411	chr9	86260623
rs77696778	chr1	151117525
rs77755586	chr6	71354966
rs77828620	chr15	48816378
rs7786505	chr7	100219962
rs77872619	chr11	71443315
rs7789081	chr7	6823047
rs77893911	chr8	143547705
rs77899360	chr12	49113744
rs78005554	chr16	66531153
rs7802753	chr7	130606081
rs7807641	chr7	100158880
rs7818082	chr8	143607418
rs781975	chr6	70662988
rs78232801	chr6	152186170
rs78358328	chr6	27722960
rs7839178	chr8	81851244
rs7844942	chr8	6709709
rs7852856	chr9	128338239
rs78541520	chr21	45041329
rs78620658	chr12	108794855
rs7862404	chr9	69164987
rs78640181	chr1	236120667
rs7867966	chr9	98120227
rs7869529	chr9	92708979
rs78762049	chr11	365480
rs78786451	chr7	961060
rs788347	chr20	38433940
rs788350	chr20	38435993
rs78922630	chr17	57927307
rs7895403	chr10	13112110
rs78987494	chr12	113333286
rs7900024	chr10	27155834
rs79005938	chr2	70189922
rs7901747	chr10	70224996
rs7904949	chr10	18624533
rs79068688	chr7	30427586
rs7911670	chr10	128095649
rs79122397	chr5	148800395
rs79144454	chr17	6678042
rs79193692	chr19	17199304
rs7919859	chr10	122985200
rs79234641	chr8	66734159
rs79252345	chr12	88076621
rs79252534	chr12	49632640
rs79291616	chr11	114393783
rs7932043	chr11	17447065
rs7937334	chr11	118320559
rs7942030	chr11	549959
rs7946955	chr11	108414106
rs79526090	chr8	74002010
rs79577044	chr3	142266720
rs79591840	chr19	40586179
rs7959199	chr12	13025138
rs79609365	chr1	152034755
rs7962235	chr12	68444233
rs7974009	chr12	11148020
rs79785221	chr2	162343002
rs7980123	chr12	92881084
rs79810410	chr20	25204112
rs79881693	chr10	110055189
rs798889	chr19	54289396
rs7993605	chr13	50892539
rs7993717	chr13	97978788
rs799458	chr14	35017124
rs79963822	chr12	125095988
rs8002239	chr13	60394606
rs8003812	chr14	77551490
rs8006909	chr14	74478085
rs8007800	chr14	50310712
rs8011128	chr14	89387044
rs8012208	chr14	100305638
rs80220227	chr1	117057188
rs804025	chr7	76570933
rs8041089	chr15	99729544
rs8048206	chr16	1533633
rs8055802	chr16	53761115
rs8075784	chr17	77667194
rs8077002	chr17	32926134
rs8081069	chr17	77012174
rs8087	chr5	179609607
rs8089935	chr18	54210077
rs8090814	chr18	35365908
rs8102976	chr19	42435212
rs8111670	chr19	38838877
rs8112598	chr19	984218
rs8129515	chr21	29147846
rs8135343	chr22	37231805
rs8135967	chr22	41630551
rs816868	chr10	77552356
rs816920	chr20	64017619
rs8177473	chr19	12739375
rs821582	chr1	231944966
rs831614	chr11	33699873
rs842049	chr3	152266159
rs853194	chr17	37487939
rs866484	chr1	159016687
rs886423	chr6	30814428
rs893793	chr2	126659336
rs907612	chr11	1852991
rs908114	chr5	371843
rs909685	chr22	39351666
rs909962	chr6	3157165
rs914348	chr6	37516953
rs918844	chr2	207491057
rs9260043	chr6	29939963
rs9260608	chr6	29955136
rs9263962	chr6	31218026
rs9264222	chr6	31254160
rs9264261	chr6	31255961
rs9264272	chr6	31256712
rs9264323	chr6	31259365
rs9264354	chr6	31260408
rs9264419	chr6	31262360
rs9264460	chr6	31263761
rs9272184	chr6	32633840
rs9272600	chr6	32639873
rs9274862	chr6	32672818
rs9291637	chr4	15722038
rs9295765	chr6	28210426
rs9304666	chr19	47266582
rs9306156	chr21	46540580
rs9315004	chr13	30362254
rs9320386	chr6	95547079
rs9366875	chr6	11716596
rs9391855	chr6	32182024
rs9395155	chr6	46112423
rs941770	chr14	95987932
rs9426801	chr1	23120009
rs9436737	chr1	65421825
rs9438393	chr1	205813590
rs943991	chr14	21071903
rs9470487	chr6	37124919
rs948070	chr11	124150848
rs9490531	chr6	122710604
rs949464	chr1	156302480
rs9508716	chr13	30371989
rs9508717	chr13	30373475
rs9528129	chr13	60400692
rs9585996	chr13	102806781
rs959071	chr17	19238913
rs9610955	chr22	20436436
rs9619881	chr22	22282661
rs9657975	chr1	7936278
rs966541	chr12	29338595
rs968713	chr21	44133594
rs9784763	chr6	109303734
rs979679	chr8	66832537
rs9800264	chr5	180513091
rs9824474	chr3	170027739
rs9830742	chr3	23450804
rs9837899	chr3	68993023
rs9842789	chr3	119238523
rs9865308	chr3	196504201
rs9876973	chr3	112316440
rs9888568	chr14	50290377
rs9892851	chr17	68206978
rs9893721	chr17	56866621
rs9896950	chr17	14355850
rs9901226	chr17	4766452
rs9906158	chr17	36468752
rs9924716	chr16	74610162
rs9928072	chr16	23547265
rs9933822	chr16	23528126
rs9963737	chr18	3059807
rs9968396	chr4	145422146
rs9975520	chr21	44353556
rs9978685	chr21	32784098
rs9982663	chr21	44045017
rs9983734	chr21	43720735
